time,latitude,longitude,depth,mag,magType,nst,gap,dmin,rms,net,id,updated,place,type,horizontalError,depthError,magError,magNst,status,locationSource,magSource
2021-10-11T21:56:33.740Z,61.797,-150.0006,26.5,2.3,ml,,,,0.52,ak,ak021d21gqod,2021-10-11T22:00:39.325Z,"5 km NNE of Willow, Alaska",earthquake,,0.3,,,automatic,ak,ak
2021-10-11T21:31:42.240Z,35.511,-96.74533333,7.89,2.33,ml,100,32,0,0.17,ok,ok2021tyrz,2021-10-11T22:07:04.581Z,"6 km WNW of Prague, Oklahoma",earthquake,,0.4,0.21,35,reviewed,ok,ok
2021-10-11T21:25:47.140Z,19.1593341827393,-155.503173828125,35.1199989318848,2.53999996,md,44,117,,0.119999997,hv,hv72750412,2021-10-11T22:00:17.040Z,"5 km SSW of Pāhala, Hawaii",earthquake,0.53,0.699999988,2.04999995,27,automatic,hv,hv
2021-10-11T21:25:42.750Z,38.8139992,-122.8046646,2.51,0.5,md,16,52,0.009474,0.02,nc,nc73638475,2021-10-11T21:52:12.783Z,"6km NW of The Geysers, CA",earthquake,0.27,0.74,0.35,2,automatic,nc,nc
2021-10-11T21:23:20.690Z,37.6185,-118.869,3.43,0.62,md,11,130,0.004827,0.09,nc,nc73638470,2021-10-11T21:55:10.799Z,"10km ESE of Mammoth Lakes, CA",earthquake,0.63,0.93,0.071,9,reviewed,nc,nc
2021-10-11T21:08:41.540Z,38.814167,-122.8044968,2.18,1.39,md,14,68,0.009482,0.02,nc,nc73638465,2021-10-11T21:29:15.650Z,"6km NW of The Geysers, CA",earthquake,0.29,0.74,0.5,2,automatic,nc,nc
2021-10-11T21:01:11.870Z,38.8359985,-122.8373337,3.15,0.37,md,5,219,0.002962,0.02,nc,nc73638460,2021-10-11T21:17:17.503Z,"10km NW of The Geysers, CA",earthquake,2.43,1.88,,1,automatic,nc,nc
2021-10-11T20:49:18.850Z,19.2399997711182,-155.387161254883,32.2099990844727,2.25999999,md,46,142,,0.140000001,hv,hv72750387,2021-10-11T20:52:22.790Z,"10 km ENE of Pāhala, Hawaii",earthquake,0.62,0.899999976,1.47000003,35,automatic,hv,hv
2021-10-11T20:46:23.120Z,35.769,-117.5795,7.03,1.85,ml,22,84,0.04888,0.13,ci,ci40068088,2021-10-11T21:13:03.570Z,"16km W of Searles Valley, CA",earthquake,0.2,0.35,0.081,6,reviewed,ci,ci
2021-10-11T20:46:14.540Z,38.8279991,-122.8526688,1.73,0.37,md,11,105,0.003315,0.01,nc,nc73638455,2021-10-11T21:04:13.426Z,"10km NW of The Geysers, CA",earthquake,0.39,0.43,0.01,2,automatic,nc,nc
2021-10-11T20:38:55.210Z,37.4474983,-118.5446701,8.48,2.77,md,24,74,0.09391,0.05,nc,nc73638450,2021-10-11T20:58:39.893Z,"6km NE of Round Valley, CA",earthquake,0.26,0.79,0.22,31,automatic,nc,nc
2021-10-11T20:29:00.370Z,38.7895012,-122.7350006,2.07,0.65,md,10,174,0.02228,0.02,nc,nc73638445,2021-10-11T20:39:10.447Z,"2km NE of The Geysers, CA",earthquake,0.48,0.73,0.17,3,automatic,nc,nc
2021-10-11T20:26:03.600Z,32.9115,-116.9416667,-0.18,1.62,ml,35,71,0.07644,0.33,ci,ci40068064,2021-10-11T21:23:10.894Z,"6km NNW of Lakeside, CA",quarry blast,0.66,31.61,0.209,15,reviewed,ci,ci
2021-10-11T20:19:57.430Z,38.4970016,-119.413002,0.9,2.4,md,13,81,0.02107,0.11,nc,nc73638435,2021-10-11T21:11:23.358Z,"31km NNW of Bridgeport, CA",earthquake,0.37,0.8,0.19,13,automatic,nc,nc
2021-10-11T20:19:54.318Z,62.4629,-151.1343,49.3,1.4,ml,,,,1.24,ak,ak021d20nf07,2021-10-11T20:38:10.344Z,"19 km WSW of Petersville, Alaska",earthquake,,0.9,,,automatic,ak,ak
2021-10-11T20:10:43.050Z,19.1765003204346,-155.492828369141,33.1599998474121,2.27,ml,51,86,,0.109999999,hv,hv72750342,2021-10-11T21:11:53.040Z,"3 km SSW of Pāhala, Hawaii",earthquake,0.5,0.670000017,3.72,10,automatic,hv,hv
2021-10-11T20:05:07.870Z,38.8380013,-122.8096695,1.33,0.85,md,8,111,0.01459,0.02,nc,nc73638425,2021-10-11T20:16:10.766Z,"8km WNW of Cobb, CA",earthquake,0.34,1.3,,1,automatic,nc,nc
2021-10-11T19:56:35.420Z,37.6245,-118.8616667,4.35,0.29,md,6,130,0.005593,0.04,nc,nc73638415,2021-10-11T20:39:10.822Z,"10km E of Mammoth Lakes, CA",earthquake,0.5,1.26,0.154,7,reviewed,nc,nc
2021-10-11T19:47:18.700Z,35.179,-118.343,-0.81,1.4,ml,8,135,0.1289,0.08,ci,ci40068040,2021-10-11T20:19:51.450Z,"11km ENE of Tehachapi, CA",quarry blast,0.5,31.61,0.067,3,reviewed,ci,ci
2021-10-11T19:40:25.274Z,56.2823,-156.5443,57.4,4.1,ml,,,,0.61,ak,ak021d206f9o,2021-10-11T20:32:58.040Z,"115 km E of Chignik, Alaska",earthquake,,0.7,,,reviewed,ak,ak
2021-10-11T19:35:57.427Z,56.2846,-156.4769,28.6,2.9,ml,,,,0.41,ak,ak021d205f9d,2021-10-11T20:46:24.040Z,"119 km E of Chignik, Alaska",earthquake,,1.3,,,automatic,ak,ak
2021-10-11T19:31:37.210Z,38.8336667,-122.8175,1.64,0.98,md,8,89,0.01178,0.01,nc,nc73638405,2021-10-11T19:53:10.640Z,"8km NW of The Geysers, CA",earthquake,0.46,1.14,,1,reviewed,nc,nc
2021-10-11T19:28:47.004Z,62.1954,-151.5259,218.4,1.4,ml,,,,1.22,ak,ak021d203wf0,2021-10-11T19:39:11.709Z,"23 km NNW of Skwentna, Alaska",earthquake,,3.2,,,automatic,ak,ak
2021-10-11T19:24:23.440Z,38.8095,-122.805,0.81,0.12,md,9,74,0.007729,0.02,nc,nc73638400,2021-10-11T20:18:12.777Z,"6km NW of The Geysers, CA",earthquake,0.38,0.59,0.313,2,reviewed,nc,nc
2021-10-11T19:15:19.100Z,19.1958332061768,-155.47900390625,36.9000015258789,2.19000006,md,42,138,,0.109999999,hv,hv72750302,2021-10-11T19:18:28.460Z,"0 km S of Pāhala, Hawaii",earthquake,0.7,0.790000021,1.88,14,automatic,hv,hv
2021-10-11T19:08:06.000Z,38.5398333,-119.4116667,1.88,0.9,md,7,154,0.04113,0.08,nc,nc73638390,2021-10-11T19:41:10.565Z,"28km SSW of Smith Valley, NV",earthquake,0.34,1.22,0.06,6,reviewed,nc,nc
2021-10-11T19:07:41.639Z,59.5437,-152.6143,75.6,2,ml,,,,0.35,ak,ak021d1zzdxy,2021-10-11T19:21:19.525Z,"44 km WNW of Nanwalek, Alaska",earthquake,,0.6,,,automatic,ak,ak
2021-10-11T19:01:35.580Z,46.0143333,-112.4691667,-2,1.63,ml,13,112,0.061,0.12,mb,mb80526799,2021-10-11T19:42:32.570Z,"5 km ENE of Butte, Montana",quarry blast,0.35,31.61,0.264,6,reviewed,mb,mb
2021-10-11T18:57:35.259Z,36.44233333,-98.8725,0,0.76,ml,15,170,0.05848852256,0.48,ok,ok2021tymw,2021-10-11T19:10:45.698Z,"15 km S of Waynoka, Oklahoma",quarry blast,,0.7,0.2,7,reviewed,ok,ok
2021-10-11T18:50:42.730Z,38.8231667,-122.8576667,2.4,-0.07,md,17,70,0.004416,0.03,nc,nc73638385,2021-10-11T21:19:40.049Z,"10km WNW of The Geysers, CA",earthquake,0.27,0.56,0.101,2,reviewed,nc,nc
2021-10-11T18:43:35.790Z,33.5153333,-116.548,3.67,0.26,ml,9,170,0.04439,0.12,ci,ci40067992,2021-10-11T19:30:30.863Z,"12km ESE of Anza, CA",earthquake,0.36,0.76,0.058,1,reviewed,ci,ci
2021-10-11T18:31:30.623Z,60.5376,-150.7606,50,1.9,ml,,,,0.65,ak,ak021d1zj2q5,2021-10-11T18:35:43.311Z,"0 km E of Sterling, Alaska",earthquake,,0.7,,,automatic,ak,ak
2021-10-11T18:29:40.610Z,38.8330002,-122.8164978,1.62,0.85,md,10,88,0.01082,0.01,nc,nc73638375,2021-10-11T18:56:11.938Z,"8km NW of The Geysers, CA",earthquake,0.39,0.87,,1,automatic,nc,nc
2021-10-11T18:27:27.160Z,38.8218346,-122.8291702,1.65,0.36,md,7,104,0.004753,0.01,nc,nc73638370,2021-10-11T18:43:11.785Z,"8km NW of The Geysers, CA",earthquake,0.41,1.07,,1,automatic,nc,nc
2021-10-11T18:27:20.000Z,35.8996667,-117.6943333,4.3,0.87,ml,7,151,0.05991,0.09,ci,ci40067960,2021-10-11T19:20:57.134Z,"20km ESE of Little Lake, CA",earthquake,0.28,0.42,0.162,4,reviewed,ci,ci
2021-10-11T18:25:48.424Z,51.4765,-174.4297,35,4.9,mb,,143,0.824,0.8,us,us6000ftru,2021-10-11T19:21:39.040Z,"81 km S of Atka, Alaska",earthquake,1.8,2,0.035,268,reviewed,us,us
2021-10-11T18:18:33.740Z,33.85,-117.499,-0.53,1.75,ml,40,32,0.05545,0.22,ci,ci40067952,2021-10-11T20:11:16.673Z,"4km SSE of Home Gardens, CA",quarry blast,0.33,31.61,0.19,13,reviewed,ci,ci
2021-10-11T18:05:05.107Z,62.1584,-149.3945,43.5,1.7,ml,,,,1.09,ak,ak021d1zdg3p,2021-10-11T18:09:49.150Z,"23 km E of Susitna North, Alaska",earthquake,,1,,,automatic,ak,ak
2021-10-11T18:01:18.984Z,59.9763,-153.4242,141.9,2.2,ml,,,,0.53,ak,ak021d1zcmbe,2021-10-11T18:05:27.962Z,"43 km ENE of Pedro Bay, Alaska",earthquake,,0.9,,,automatic,ak,ak
2021-10-11T17:56:24.271Z,56.3127,-156.5448,40.2,3.5,ml,,,,0.63,ak,ak021d1z2zhz,2021-10-11T19:48:10.040Z,"115 km E of Chignik, Alaska",earthquake,,2.4,,,automatic,ak,ak
2021-10-11T17:48:44.940Z,36.0071667,-117.796,1.6,0.76,ml,9,68,0.02674,0.08,ci,ci40067944,2021-10-11T19:29:00.187Z,"13km NE of Little Lake, CA",earthquake,0.17,0.25,0.404,2,reviewed,ci,ci
2021-10-11T17:45:35.380Z,60.6432,-149.5913,30.7,1.7,ml,,,,0.36,ak,ak021d1z0nhi,2021-10-11T17:52:15.986Z,"21 km NW of Moose Pass, Alaska",earthquake,,0.2,,,automatic,ak,ak
2021-10-11T17:43:18.960Z,38.8214989,-122.7429962,5.65,1.19,md,7,159,0.02285,0.05,nc,nc73638365,2021-10-11T21:10:12.465Z,"2km W of Cobb, CA",earthquake,1.43,2.31,,1,automatic,nc,nc
2021-10-11T17:38:14.490Z,39.5065,-122.9721667,6.84,2.03,md,22,73,,0.15,nc,nc73638360,2021-10-11T21:29:16.650Z,"11km N of Lake Pillsbury, CA",earthquake,0.29,1.16,0.153,22,reviewed,nc,nc
2021-10-11T17:30:29.810Z,0.8374,126.132,24.97,5,mb,,40,1.236,0.78,us,us6000ftrd,2021-10-11T17:57:47.040Z,"139 km W of Ternate, Indonesia",earthquake,6,4.7,0.06,95,reviewed,us,us
2021-10-11T17:01:39.942Z,62.0479,-148.6079,39.2,1.4,ml,,,,0.53,ak,ak021d1yr8bm,2021-10-11T17:06:40.729Z,"29 km NNW of Chickaloon, Alaska",earthquake,,0.8,,,automatic,ak,ak
2021-10-11T16:58:32.854Z,59.6713,-152.7332,78.7,1.7,ml,,,,0.34,ak,ak021d1yhzzr,2021-10-11T17:02:50.017Z,"52 km WSW of Anchor Point, Alaska",earthquake,,0.6,,,automatic,ak,ak
2021-10-11T16:52:12.410Z,38.4685,-119.5153333,5.71,1.07,md,12,135,0.02961,0.08,nc,nc73638340,2021-10-11T19:13:11.021Z,"31km ENE of Dardanelle, CA",earthquake,0.39,0.41,0.067,6,reviewed,nc,nc
2021-10-11T16:49:19.275Z,-16.9151,-174.4018,253.35,4.3,mb,,124,3.913,0.44,us,us6000fts2,2021-10-11T21:32:14.040Z,"124 km SSW of Hihifo, Tonga",earthquake,11.8,7.9,0.111,24,reviewed,us,us
2021-10-11T16:45:03.149Z,65.787,-149.6812,10.7,1.7,ml,,,,0.66,ak,ak021d1yf5e7,2021-10-11T16:49:58.299Z,"36 km SW of Stevens Village, Alaska",earthquake,,0.2,,,automatic,ak,ak
2021-10-11T16:35:48.292Z,-7.4993,128.1518,156.16,4.4,mb,,39,3.155,0.69,us,us6000ftr4,2021-10-11T17:09:16.040Z,"170 km NE of Lospalos, Timor Leste",earthquake,8,7.7,0.107,28,reviewed,us,us
2021-10-11T16:35:46.820Z,35.677,-117.5033333,9.74,1.17,ml,11,142,0.09632,0.1,ci,ci40067904,2021-10-11T18:00:56.718Z,"14km SW of Searles Valley, CA",earthquake,0.49,0.64,0.303,3,reviewed,ci,ci
2021-10-11T16:28:28.786Z,61.8777,-149.3333,0.2,2.9,ml,,,,0.87,ak,ak021d1ybk5z,2021-10-11T16:58:38.040Z,"15 km NNW of Fishhook, Alaska",earthquake,,0.3,,,automatic,ak,ak
2021-10-11T16:13:17.730Z,38.8274994,-122.8130035,2,1.96,md,29,41,0.004694,0.04,nc,nc73638325,2021-10-11T18:43:10.785Z,"7km NW of The Geysers, CA",earthquake,0.18,0.36,0.07,9,automatic,nc,nc
2021-10-11T15:56:45.270Z,18.79,-65.3805,11,3.43,md,16,269,0.4923,0.33,pr,pr2021284000,2021-10-11T16:57:35.163Z,"54 km N of Culebra, Puerto Rico",earthquake,6.41,9.23,0.14,11,reviewed,pr,pr
2021-10-11T15:53:01.660Z,38.1598,-118.2439,5.7,2.1,ml,30,72.75,0.151,0.1305,nn,nn00825423,2021-10-11T16:17:12.799Z,"28 km SSW of Mina, Nevada",earthquake,,3.3,0.35,15,reviewed,nn,nn
2021-10-11T15:48:43.440Z,39.4178333,-110.332,-0.52,0.98,md,4,166,0.00823,0.01,uu,uu60462617,2021-10-11T16:49:30.940Z,"15 km SSE of Sunnyside, Utah",earthquake,3.04,0.78,0.172,4,reviewed,uu,uu
2021-10-11T15:27:49.072Z,0.8759,126.1488,10,5.1,mb,,32,1.222,0.49,us,us6000ftqr,2021-10-11T16:48:27.926Z,"137 km W of Ternate, Indonesia",earthquake,5.5,1.8,0.054,120,reviewed,us,us
2021-10-11T15:25:39.250Z,38.7835007,-122.7256699,2.27,1.27,md,6,93,0.04558,0.03,nc,nc73638310,2021-10-11T17:56:26.507Z,"3km ENE of The Geysers, CA",earthquake,0.4,2.4,0.18,5,automatic,nc,nc
2021-10-11T15:14:02.820Z,38.5123333,-119.5238333,4.21,0.51,md,9,131,0.02206,0.08,nc,nc73638305,2021-10-11T19:20:10.240Z,"31km SE of Markleeville, CA",earthquake,0.71,0.49,0.114,6,reviewed,nc,nc
2021-10-11T15:13:32.281Z,-27.3188,-70.6017,62.96,4.2,mwr,,133,0.223,0.58,us,us6000ftqp,2021-10-11T17:21:00.704Z,"27 km WNW of Copiapó, Chile",earthquake,6,4.9,,,reviewed,us,guc
2021-10-11T15:13:21.610Z,38.5088333,-119.5285,4.74,1.6,md,15,60,0.0251,0.11,nc,nc73638300,2021-10-11T19:54:11.646Z,"31km SE of Markleeville, CA",earthquake,0.26,0.29,0.252,16,reviewed,nc,nc
2021-10-11T15:12:03.400Z,38.8318333,-122.8168333,0.77,0.72,md,18,70,0.01605,0.06,nc,nc73638295,2021-10-11T21:55:11.464Z,"8km NW of The Geysers, CA",earthquake,0.23,0.38,0.483,4,reviewed,nc,nc
2021-10-11T15:10:03.470Z,38.84,-122.8311667,2.32,0.43,md,15,108,0.003656,0.02,nc,nc73638290,2021-10-11T22:03:12.041Z,"10km NW of The Geysers, CA",earthquake,0.31,0.39,0.144,4,reviewed,nc,nc
2021-10-11T15:07:10.710Z,39.4245,-110.294,-2.81,1.45,ml,10,200,0.02409,0.12,uu,uu60462612,2021-10-11T16:10:17.240Z,"16 km SSE of Sunnyside, Utah",earthquake,0.89,1.96,0.094,3,reviewed,uu,uu
2021-10-11T15:06:39.765Z,63.1324,-149.8048,1.4,1.6,ml,,,,0.4,ak,ak021d1xlfo6,2021-10-11T15:11:16.874Z,"51 km SW of Cantwell, Alaska",earthquake,,0.3,,,automatic,ak,ak
2021-10-11T15:06:34.580Z,38.8364983,-122.8249969,1.4,1.18,md,10,215,0.008454,0.04,nc,nc73638285,2021-10-11T16:08:12.092Z,"9km NW of The Geysers, CA",earthquake,0.57,0.51,0.01,3,automatic,nc,nc
2021-10-11T15:06:08.091Z,60.0614,-152.9505,108.6,1.9,ml,,,,0.43,ak,ak021d1xkc8y,2021-10-11T18:37:23.680Z,"69 km W of Happy Valley, Alaska",earthquake,,0.3,,,reviewed,ak,ak
2021-10-11T15:04:47.484Z,61.9221,-150.9629,15.6,1.4,ml,,,,0.54,ak,ak021d1xl0uk,2021-10-11T15:09:36.539Z,"24 km ESE of Skwentna, Alaska",earthquake,,0.3,,,automatic,ak,ak
2021-10-11T14:57:34.990Z,44.3745,-110.1893333,8.55,0.45,md,6,271,0.07075,0.04,uu,uu60462607,2021-10-11T17:20:38.350Z,"72 km SSW of Silver Gate, Montana",earthquake,2.73,1.05,0.115,2,reviewed,uu,uu
2021-10-11T14:32:00.562Z,59.7209,-152.6925,84.2,1.8,ml,,,,0.64,ak,ak021d1x5hog,2021-10-11T14:38:12.956Z,"48 km W of Anchor Point, Alaska",earthquake,,0.4,,,automatic,ak,ak
2021-10-11T14:30:48.860Z,38.5186667,-119.4081667,2.41,0.92,md,8,146,0.02758,0.04,nc,nc73638280,2021-10-11T19:44:13.438Z,"30km S of Smith Valley, NV",earthquake,0.45,0.7,0.125,6,reviewed,nc,nc
2021-10-11T14:12:53.807Z,56.2498,-156.5319,65.4,2.6,ml,,,,0.47,ak,ak021d1x1bgk,2021-10-11T14:39:04.040Z,"116 km E of Chignik, Alaska",earthquake,,1.3,,,automatic,ak,ak
2021-10-11T14:08:34.810Z,35.826,-117.6515,9.48,0.96,ml,14,74,0.04506,0.08,ci,ci40067832,2021-10-11T17:57:22.748Z,"23km N of Ridgecrest, CA",earthquake,0.18,0.41,0.189,3,reviewed,ci,ci
2021-10-11T14:04:19.800Z,33.9633333,-116.9743333,4.23,1.08,ml,33,53,0.04216,0.14,ci,ci40067816,2021-10-11T20:33:33.330Z,"4km N of Beaumont, CA",earthquake,0.17,0.32,0.153,16,reviewed,ci,ci
2021-10-11T14:03:18.140Z,19.2458324432373,-155.393829345703,32.1500015258789,1.99000001,md,43,139,,0.129999995,hv,hv72750087,2021-10-11T14:06:26.700Z,"10 km ENE of Pāhala, Hawaii",earthquake,0.63,0.75999999,1.03999996,14,automatic,hv,hv
2021-10-11T13:59:31.772Z,56.2795,-156.5721,50.1,3.5,ml,,,,0.51,ak,ak021d1wpwr6,2021-10-11T21:13:58.040Z,"113 km E of Chignik, Alaska",earthquake,,1.1,,,reviewed,ak,ak
2021-10-11T13:59:12.257Z,61.8699,-149.2723,18.8,1.5,ml,,,,1.11,ak,ak021d1wpvbg,2021-10-11T14:05:28.128Z,"14 km N of Fishhook, Alaska",earthquake,,0.2,,,automatic,ak,ak
2021-10-11T13:56:00.880Z,33.3545,-116.3728333,12.09,1.07,ml,34,62,0.0535,0.21,ci,ci40067800,2021-10-11T20:43:16.603Z,"11km N of Borrego Springs, CA",earthquake,0.24,0.59,0.086,16,reviewed,ci,ci
2021-10-11T13:44:11.950Z,19.1628341674805,-155.485336303711,30.6000003814697,2.08999991,md,38,160,,0.129999995,hv,hv72750077,2021-10-11T13:47:32.360Z,"4 km S of Pāhala, Hawaii",earthquake,0.84,1.11000001,0.959999979,12,automatic,hv,hv
2021-10-11T13:35:19.140Z,36.37,-117.8455,0.56,1.45,ml,20,105,0.1833,0.11,ci,ci40067784,2021-10-11T20:51:04.645Z,"17km NE of Olancha, CA",earthquake,0.21,0.68,0.139,9,reviewed,ci,ci
2021-10-11T13:29:18.480Z,60.7748,-150.4703,53.9,1.4,ml,,,,0.27,ak,ak021d1wjgaw,2021-10-11T13:31:54.146Z,"20 km SE of Point Possession, Alaska",earthquake,,2.7,,,automatic,ak,ak
2021-10-11T13:28:59.630Z,36.5713348,-121.0873337,10.13,1.47,md,6,145,0.03911,0.03,nc,nc73638275,2021-10-11T15:11:13.480Z,"7km NE of Pinnacles, CA",earthquake,0.84,1.28,0.08,7,automatic,nc,nc
2021-10-11T13:16:40.840Z,35.7958333,-117.7566667,8.33,0.79,ml,21,49,0.01435,0.11,ci,ci40067752,2021-10-11T20:56:07.554Z,"17km NNE of Inyokern, CA",earthquake,0.19,0.37,0.282,9,reviewed,ci,ci
2021-10-11T13:12:41.490Z,19.2024993896484,-155.414993286133,34.1699981689453,2.17000008,md,24,180,,0.140000001,hv,hv72750052,2021-10-11T13:15:46.190Z,"6 km E of Pāhala, Hawaii",earthquake,0.95,0.74000001,0.720000029,3,automatic,hv,hv
2021-10-11T12:50:36.786Z,34.0855,25.8885,10,4.2,mb,,175,1.454,0.68,us,us6000ftps,2021-10-11T13:02:58.040Z,"103 km S of Ierápetra, Greece",earthquake,6.8,2,0.115,21,reviewed,us,us
2021-10-11T12:48:31.788Z,31.66849093,-104.4072288,6.362939453,2.2,ml,24,61,0.07974709066,0.3,tx,tx2021tyas,2021-10-11T20:54:46.274Z,"56 km S of Whites City, New Mexico",earthquake,1.34366817,1.495795498,0.1,12,reviewed,tx,tx
2021-10-11T12:44:20.470Z,38.8064995,-122.7529984,1.23,0.85,md,10,209,0.007869,0.01,nc,nc73638255,2021-10-11T13:21:12.795Z,"3km SW of Cobb, CA",earthquake,0.58,0.53,,3,automatic,nc,nc
2021-10-11T12:43:14.879Z,62.5586,-148.3171,45.2,1.4,ml,,,,0.88,ak,ak021d1w10fx,2021-10-11T12:48:09.300Z,"85 km N of Chickaloon, Alaska",earthquake,,0.6,,,automatic,ak,ak
2021-10-11T12:38:12.970Z,48.559,-123.173166666667,3.97,1.07,ml,7,106,0.06155,0.07,uw,uw61780007,2021-10-11T17:49:14.450Z,"11 km WNW of Friday Harbor, Washington",earthquake,0.3,10.4,0.0410128436967678,2,reviewed,uw,uw
2021-10-11T12:34:32.285Z,0.8215,126.1888,9.19,5.7,mww,,40,1.178,0.98,us,us6000ftpp,2021-10-11T21:57:46.571Z,"133 km W of Ternate, Indonesia",earthquake,6.8,3.2,0.075,17,reviewed,us,us
2021-10-11T12:24:48.937Z,53.368,-159.9824,25.6,3.1,ml,,,,0.52,ak,ak021d1vx5gj,2021-10-11T18:22:41.051Z,"221 km S of Sand Point, Alaska",earthquake,,3.6,,,reviewed,ak,ak
2021-10-11T12:10:08.080Z,37.3064995,-121.9711685,3.41,1.9,md,8,111,0.1003,0.05,nc,nc73638250,2021-10-11T18:03:25.548Z,"3km NW of Campbell, CA",earthquake,0.44,1.67,0.16,10,automatic,nc,nc
2021-10-11T12:04:50.508Z,57.2949,-146.1408,10,3.3,ml,,202,2.143,0.4,us,us6000ftpm,2021-10-11T12:17:19.040Z,"Gulf of Alaska",earthquake,7.5,2,0.041,80,reviewed,us,us
2021-10-11T11:52:01.466Z,38.1744,-117.8001,7.1,1.2,ml,18,85.67,0.058,0.1171,nn,nn00825413,2021-10-11T19:37:57.623Z,"36 km SE of Mina, Nevada",earthquake,,0.9,0.42,9,reviewed,nn,nn
2021-10-11T11:40:54.410Z,35.8326667,-117.6566667,10.09,0.49,ml,10,78,0.05096,0.08,ci,ci40067696,2021-10-11T17:02:39.296Z,"24km N of Ridgecrest, CA",earthquake,0.25,0.44,0.093,3,reviewed,ci,ci
2021-10-11T11:36:46.325Z,38.1733,-117.8861,9.3,1.4,ml,17,102.82,0.016,0.1187,nn,nn00825411,2021-10-11T19:28:31.105Z,"30 km SE of Mina, Nevada",earthquake,,0.8,0.3,10,reviewed,nn,nn
2021-10-11T11:34:32.532Z,38.1637,-117.8952,11.8,0.8,ml,16,108.99,0.019,0.1334,nn,nn00825408,2021-10-11T19:22:15.062Z,"31 km SE of Mina, Nevada",earthquake,,0.8,0.26,8,reviewed,nn,nn
2021-10-11T11:33:34.180Z,61.489,-150.0028,17.6,2.4,ml,,,,0.76,ak,ak021d1vdh80,2021-10-11T11:57:56.040Z,"4 km SW of Big Lake, Alaska",earthquake,,0.4,,,automatic,ak,ak
2021-10-11T11:27:29.470Z,19.1563339233398,-155.476501464844,30.5499992370605,1.73000002,md,28,168,,0.140000001,hv,hv72749967,2021-10-11T11:30:45.280Z,"5 km S of Pāhala, Hawaii",earthquake,0.69,1.19000006,0.860000014,3,automatic,hv,hv
2021-10-11T11:24:15.330Z,19.2586669921875,-155.405502319336,34.1300010681152,2.1,ml,50,124,,0.140000001,hv,hv72749962,2021-10-11T11:29:45.210Z,"9 km NE of Pāhala, Hawaii",earthquake,0.49,0.720000029,3.14,8,automatic,hv,hv
2021-10-11T11:19:17.053Z,38.1951,-117.77,2.8,1.7,ml,19,75.4,0.037,0.1969,nn,nn00825405,2021-10-11T19:09:45.569Z,"36 km SE of Mina, Nevada",earthquake,,1.3,0.29,10,reviewed,nn,nn
2021-10-11T11:10:29.471Z,64.5915,-146.8911,14.6,0.9,ml,,,,1.02,ak,ak021d1v8jc3,2021-10-11T11:13:38.406Z,"7 km N of Salcha, Alaska",earthquake,,1,,,automatic,ak,ak
2021-10-11T11:06:06.832Z,64.7072,-149.2889,20,1.1,ml,,,,0.48,ak,ak021d1v7mq3,2021-10-11T11:11:58.100Z,"14 km NW of Four Mile Road, Alaska",earthquake,,0.3,,,automatic,ak,ak
2021-10-11T11:04:15.610Z,19.1868324279785,-155.478500366211,37.5,2.16,ml,47,80,,0.100000001,hv,hv72749937,2021-10-11T14:52:39.041Z,"1 km S of Pāhala, Hawaii",earthquake,0.47,0.660000026,0.53,3,automatic,hv,hv
2021-10-11T10:45:42.726Z,60.2752,-141.2919,0,1.5,ml,,,,1.14,ak,ak021d1uumtc,2021-10-11T18:22:40.924Z,"119 km NW of Yakutat, Alaska",ice quake,,1,,,automatic,ak,ak
2021-10-11T10:41:12.060Z,38.4921667,-119.546,2.92,1.57,md,13,77,0.03542,0.1,nc,nc73638245,2021-10-11T22:07:13.066Z,"30km NE of Dardanelle, CA",earthquake,0.36,0.54,0.214,12,reviewed,nc,nc
2021-10-11T10:19:23.300Z,37.5895,-118.9803333,1.19,0.86,md,13,128,0.03999,0.04,nc,nc73638240,2021-10-11T15:48:09.948Z,"5km S of Mammoth Lakes, CA",earthquake,0.69,0.71,0.243,13,reviewed,nc,nc
2021-10-11T10:13:31.970Z,33.2526667,-116.7785,7.09,0.6,ml,24,50,0.02346,0.12,ci,ci40067688,2021-10-11T21:01:30.126Z,"2km NW of Lake Henshaw, CA",earthquake,0.17,0.32,0.142,9,reviewed,ci,ci
2021-10-11T10:12:14.380Z,36.0009995,-120.5589981,2.44,0.92,md,11,89,0.02,0.12,nc,nc73638235,2021-10-11T11:11:11.022Z,"16km NW of Parkfield, CA",earthquake,0.49,0.89,0.15,3,automatic,nc,nc
2021-10-11T10:09:08.740Z,36.0060005,-120.5644989,3.97,0.81,md,12,103,0.02287,0.04,nc,nc73638230,2021-10-11T10:43:10.872Z,"17km NW of Parkfield, CA",earthquake,0.36,0.52,0.15,4,automatic,nc,nc
2021-10-11T10:00:26.720Z,19.224666595459,-155.401840209961,31.2199993133545,1.77999997,md,29,149,,0.129999995,hv,hv72749862,2021-10-11T10:54:38.378Z,"8 km ENE of Pāhala, Hawaii",earthquake,0.81,0.920000017,1.77999997,4,automatic,hv,hv
2021-10-11T09:44:39.191Z,56.361,-156.4747,81.9,2.7,ml,,,,0.28,ak,ak021d1u8zjf,2021-10-11T09:50:38.207Z,"119 km E of Chignik, Alaska",earthquake,,1.5,,,automatic,ak,ak
2021-10-11T09:38:08.590Z,19.4863338470459,-155.254165649414,2.44000005722046,2.39,ml,44,50,,0.189999998,hv,hv72749837,2021-10-11T09:43:39.360Z,"5 km NNW of Volcano, Hawaii",earthquake,0.27,0.879999995,0.43,10,automatic,hv,hv
2021-10-11T09:30:52.082Z,56.4031,-156.5252,63.3,3.2,ml,,,,0.8,ak,ak021d1u606z,2021-10-11T09:41:22.007Z,"116 km E of Chignik, Alaska",earthquake,,1.6,,,automatic,ak,ak
2021-10-11T09:28:47.182Z,56.2908,-156.5319,48.6,2.9,ml,,,,0.42,ak,ak021d1u5kat,2021-10-11T09:32:14.982Z,"115 km E of Chignik, Alaska",earthquake,,2.8,,,automatic,ak,ak
2021-10-11T09:26:21.324Z,56.3101,-156.5352,69.5,3.3,ml,,,,0.66,ak,ak021d1u52w0,2021-10-11T10:25:56.040Z,"115 km E of Chignik, Alaska",earthquake,,0.6,,,reviewed,ak,ak
2021-10-11T09:10:24.682Z,56.2584,-156.5532,69.1,6.9,mww,,,,0.71,ak,ak021d1u1nos,2021-10-11T22:08:29.215Z,"114 km E of Chignik, Alaska",earthquake,,0.9,,,reviewed,ak,ak
2021-10-11T09:07:21.560Z,36.01,-117.8056667,1.58,0.53,ml,9,79,0.02757,0.06,ci,ci40067672,2021-10-11T17:25:48.103Z,"12km NE of Little Lake, CA",earthquake,0.13,0.17,0.143,3,reviewed,ci,ci
2021-10-11T08:55:25.910Z,33.334,-116.2911667,9.7,0.72,ml,16,155,0.03223,0.15,ci,ci40067664,2021-10-11T12:58:20.824Z,"12km NE of Borrego Springs, CA",earthquake,0.42,0.57,0.11,8,reviewed,ci,ci
2021-10-11T08:50:35.260Z,38.8053322,-122.8030014,1.3,0.84,md,9,89,0.006566,0.02,nc,nc73638215,2021-10-11T09:27:13.438Z,"5km NW of The Geysers, CA",earthquake,0.33,0.69,,1,automatic,nc,nc
2021-10-11T08:42:34.700Z,35.8956667,-117.6921667,6.73,0.22,ml,13,75,0.06219,0.06,ci,ci40067656,2021-10-11T21:30:15.401Z,"20km ESE of Little Lake, CA",earthquake,0.15,0.4,0.068,5,reviewed,ci,ci
2021-10-11T08:42:07.600Z,19.0611667633057,-156.287994384766,6.84000015258789,2.4000001,md,39,297,,0.230000004,hv,hv72749742,2021-10-11T08:53:30.565Z,"55 km W of Hawaiian Ocean View, Hawaii",earthquake,1.92,2.23000002,1.75999999,6,automatic,hv,hv
2021-10-11T08:35:16.480Z,19.1803340911865,-155.485000610352,33.939998626709,2.34,ml,51,75,,0.119999997,hv,hv72749732,2021-10-11T08:40:46.690Z,"2 km SSW of Pāhala, Hawaii",earthquake,0.43,0.620000005,3.85,17,automatic,hv,hv
2021-10-11T08:30:08.676Z,5.9847,-73.3004,171.68,4.1,mb,,63,0.234,0.61,us,us6000ftnd,2021-10-11T10:02:19.040Z,"6 km NE of Gámbita, Colombia",earthquake,5.3,5,0.095,31,reviewed,us,us
2021-10-11T08:27:37.802Z,62.8557,-150.713,100.2,1.5,ml,,,,0.36,ak,ak021d1tjwcc,2021-10-11T08:31:26.727Z,"40 km N of Petersville, Alaska",earthquake,,0.9,,,automatic,ak,ak
2021-10-11T08:20:54.220Z,18.8801670074463,-155.518005371094,32.4599990844727,2.47000003,md,22,263,,0.100000001,hv,hv72749707,2021-10-11T08:24:08.810Z,"21 km SSE of Naalehu, Hawaii",earthquake,0.88,1.11000001,1.05999994,3,automatic,hv,hv
2021-10-11T08:14:07.000Z,19.3113327026367,-155.247833251953,4.3899998664856,1.74000001,md,20,110,,0.140000001,hv,hv72749692,2021-10-11T08:17:12.840Z,"14 km S of Volcano, Hawaii",earthquake,0.46,1.26999998,1.29999995,6,automatic,hv,hv
2021-10-11T08:04:20.890Z,19.1736660003662,-155.47966003418,36.9799995422363,2.27999997,md,42,81,,0.140000001,hv,hv72749682,2021-10-11T08:07:38.660Z,"3 km S of Pāhala, Hawaii",earthquake,0.48,0.649999976,0.839999974,12,automatic,hv,hv
2021-10-11T08:01:14.172Z,57.8013,-156.5274,139.3,2,ml,,,,0.36,ak,ak021d1teal4,2021-10-11T18:09:48.883Z,"61 km ENE of Ugashik, Alaska",earthquake,,0.3,,,reviewed,ak,ak
2021-10-11T08:00:11.950Z,19.2250003814697,-155.41633605957,34.4000015258789,2.91,ml,53,136,,0.140000001,hv,hv72749677,2021-10-11T11:33:44.197Z,"6 km ENE of Pāhala, Hawaii",earthquake,0.48,0.689999998,3.59,31,automatic,hv,hv
2021-10-11T07:56:48.858Z,60.2826,-149.7472,41.5,1.7,ml,,,,0.58,ak,ak021d1t4pc6,2021-10-11T08:01:02.943Z,"23 km WSW of Primrose, Alaska",earthquake,,1,,,automatic,ak,ak
2021-10-11T07:56:44.120Z,60.1065,-141.3073,0,2,ml,,,,0.98,ak,ak021d1t4p17,2021-10-11T08:01:03.070Z,"108 km NW of Yakutat, Alaska",earthquake,,0.2,,,automatic,ak,ak
2021-10-11T07:55:52.900Z,19.2196674346924,-155.383163452148,32.5099983215332,1.90999997,md,29,163,,0.140000001,hv,hv72749672,2021-10-11T07:58:55.620Z,"10 km E of Pāhala, Hawaii",earthquake,0.79,1.17999995,1.90999997,4,automatic,hv,hv
2021-10-11T07:50:47.589Z,38.1342,-118.1546,1.8,0.7,ml,14,172.96,0.085,0.1682,nn,nn00825396,2021-10-11T18:38:24.812Z,"28 km S of Mina, Nevada",earthquake,,1.3,0.18,7,reviewed,nn,nn
2021-10-11T07:45:10.332Z,-7.0554,156.051,79.06,4.5,mb,,100,4.525,0.7,us,us6000ftna,2021-10-11T09:03:58.040Z,"102 km SE of Panguna, Papua New Guinea",earthquake,7.7,4.8,0.09,37,reviewed,us,us
2021-10-11T07:44:59.100Z,35.9495,-117.6788333,5.71,0.69,ml,16,51,0.02314,0.06,ci,ci40067648,2021-10-11T21:21:10.737Z,"21km E of Little Lake, CA",earthquake,0.14,0.28,0.08,5,reviewed,ci,ci
2021-10-11T07:41:54.440Z,33.7021667,-118.2181667,9.22,1.74,ml,34,101,0.06392,0.23,ci,ci40067640,2021-10-11T21:17:10.993Z,"8km ESE of San Pedro, CA",earthquake,0.38,0.69,0.154,25,reviewed,ci,ci
2021-10-11T07:38:58.987Z,11.1775,-86.8972,26.95,4,mb,,186,1.155,0.64,us,us6000ftn1,2021-10-11T08:32:50.040Z,"79 km SSW of Masachapa, Nicaragua",earthquake,5.2,9.3,0.113,23,reviewed,us,us
2021-10-11T07:37:13.540Z,33.1341667,-116.3593333,9.85,0.72,ml,30,46,0.08717,0.26,ci,ci40067632,2021-10-11T20:55:55.880Z,"14km S of Borrego Springs, CA",earthquake,0.32,0.94,0.16,9,reviewed,ci,ci
2021-10-11T07:36:55.070Z,33.6288333,-116.7265,17.28,0.15,ml,12,80,0.04704,0.07,ci,ci37357092,2021-10-11T21:03:04.811Z,"10km NNW of Anza, CA",earthquake,0.29,0.53,0.044,3,reviewed,ci,ci
2021-10-11T07:34:58.460Z,38.8348351,-122.8178329,1.48,0.85,md,11,79,0.01293,0.01,nc,nc73638210,2021-10-11T08:07:12.928Z,"8km NW of The Geysers, CA",earthquake,0.28,0.77,,1,automatic,nc,nc
2021-10-11T07:20:11.540Z,32.6363333,-115.5975,2.52,1.45,ml,21,128,0.1095,0.22,ci,ci40067624,2021-10-11T20:51:51.742Z,"6km NNW of Progreso, B.C., MX",earthquake,0.57,0.74,0.121,17,reviewed,ci,ci
2021-10-11T07:08:39.869Z,61.7968,-150.6512,52.3,1.7,ml,,,,0.51,ak,ak021d1suead,2021-10-11T07:13:37.440Z,"29 km NNW of Susitna, Alaska",earthquake,,0.7,,,automatic,ak,ak
2021-10-11T07:05:12.510Z,34.6483333,-116.2916667,5.39,1.19,ml,14,58,0.1207,0.09,ci,ci40067616,2021-10-11T20:43:41.681Z,"14km SW of Ludlow, CA",earthquake,0.2,1.07,0.149,12,reviewed,ci,ci
2021-10-11T07:05:02.284Z,37.8871,-118.5665,13,1.2,ml,18,84.72,0.334,0.1884,nn,nn00825394,2021-10-11T18:25:50.786Z,"10 km NW of Benton, California",earthquake,,2.3,0.22,7,reviewed,nn,nn
2021-10-11T06:56:48.480Z,33.6538333,-116.7068333,13.52,0.73,ml,23,55,0.05751,0.18,ci,ci40067608,2021-10-11T13:12:42.830Z,"10km S of Idyllwild, CA",earthquake,0.35,0.59,0.254,18,reviewed,ci,ci
2021-10-11T06:51:47.930Z,33.958,-116.9456667,13.84,0.37,ml,12,132,0.09093,0.08,ci,ci37357084,2021-10-11T20:29:35.370Z,"4km NE of Beaumont, CA",earthquake,0.28,0.87,0.144,4,reviewed,ci,ci
2021-10-11T06:51:13.460Z,34.0068333,-116.3951667,3.52,0.91,ml,19,64,0.06247,0.17,ci,ci40067600,2021-10-11T20:23:22.706Z,"11km ENE of Desert Hot Springs, CA",earthquake,0.24,0.59,0.074,13,reviewed,ci,ci
2021-10-11T06:48:35.600Z,61.7365,-151.8371,93.1,1.1,ml,,,,0.49,ak,ak021d1shi2v,2021-10-11T07:01:45.906Z,"36 km SW of Skwentna, Alaska",earthquake,,2.2,,,automatic,ak,ak
2021-10-11T06:44:18.187Z,63.3293,-145.4949,2.9,1.1,ml,,,,0.71,ak,ak021d1sgmgl,2021-10-11T06:51:34.684Z,"27 km NNE of Paxson, Alaska",earthquake,,0.3,,,automatic,ak,ak
2021-10-11T06:31:26.600Z,43.5098333,-110.6888333,2.94,0.66,ml,7,193,0.069,0.31,mb,mb80526769,2021-10-11T14:51:39.040Z,"6 km ENE of Jackson, Wyoming",earthquake,1.52,6.76,0.323,6,reviewed,mb,mb
2021-10-11T06:24:49.300Z,33.5635,-116.6538333,10.75,-0.06,ml,11,73,0.01969,0.11,ci,ci40067592,2021-10-11T17:23:18.399Z,"2km ENE of Anza, CA",earthquake,0.35,0.53,0.256,2,reviewed,ci,ci
2021-10-11T06:24:02.780Z,47.7471667,-113.7516667,8.32,1.05,ml,14,143,0.21,0.16,mb,mb80526759,2021-10-11T14:08:27.600Z,"21 km SSE of Swan Lake, Montana",earthquake,0.5,2.82,0.263,5,reviewed,mb,mb
2021-10-11T06:21:58.436Z,59.9485,-152.7774,98.7,1.6,ml,,,,0.33,ak,ak021d1sbsf8,2021-10-11T06:33:32.465Z,"56 km WNW of Anchor Point, Alaska",earthquake,,1.2,,,automatic,ak,ak
2021-10-11T06:20:43.800Z,44.2861667,-115.0771667,6.68,2.2,ml,11,84,0.868,0.21,mb,mb80526754,2021-10-11T14:59:18.350Z,"13 km NW of Stanley, Idaho",earthquake,1.22,2.25,0.141,13,reviewed,mb,mb
2021-10-11T06:19:50.330Z,33.3071667,-116.3973333,8.93,0.66,ml,27,148,0.04226,0.15,ci,ci40067584,2021-10-11T20:17:55.007Z,"6km NNW of Borrego Springs, CA",earthquake,0.24,0.53,0.111,12,reviewed,ci,ci
2021-10-11T06:18:31.168Z,63.3357,-145.4695,0,3.7,ml,,,,1.18,ak,ak021d1sb34t,2021-10-11T09:29:37.903Z,"28 km NNE of Paxson, Alaska",earthquake,,0.6,,,automatic,ak,ak
2021-10-11T06:08:15.600Z,44.2801667,-115.0785,7.03,3.01,ml,20,78,0.863,0.27,mb,mb80526744,2021-10-11T14:35:50.920Z,"13 km WNW of Stanley, Idaho",earthquake,0.95,1.96,0.217,28,reviewed,mb,mb
2021-10-11T06:06:53.590Z,39.6978333,-110.6108333,-2.33,0.99,md,8,83,0.0214,0.03,uu,uu60462577,2021-10-11T17:50:44.430Z,"16 km E of Kenilworth, Utah",earthquake,0.28,0.83,0.217,7,reviewed,uu,uu
2021-10-11T06:05:49.680Z,43.5113333,-110.6918333,4.93,0.38,ml,6,190,0.069,0.07,mb,mb80526739,2021-10-11T15:18:39.900Z,"6 km ENE of Jackson, Wyoming",earthquake,0.98,1.95,0.357,6,reviewed,mb,mb
2021-10-11T06:04:57.110Z,44.2898333,-115.0708333,7.47,2.88,ml,21,78,0.868,0.27,mb,mb80526734,2021-10-11T15:14:07.690Z,"13 km NW of Stanley, Idaho",earthquake,1.55,3.45,0.207,23,reviewed,mb,mb
2021-10-11T05:56:02.550Z,44.2966667,-115.0818333,5.38,2.37,ml,10,85,0.878,0.29,mb,mb80526729,2021-10-11T15:31:56.420Z,"southern Idaho",earthquake,1.21,2.92,0.141,9,reviewed,mb,mb
2021-10-11T05:53:17.780Z,35.899,-117.6941667,4.58,1.11,ml,21,73,0.06037,0.08,ci,ci40067576,2021-10-11T20:02:33.034Z,"20km ESE of Little Lake, CA",earthquake,0.13,0.28,0.132,11,reviewed,ci,ci
2021-10-11T05:46:17.215Z,62.4462,-148.0795,29.5,1.9,ml,,,,0.75,ak,ak021d1rvmh2,2021-10-11T05:51:57.287Z,"73 km NW of Eureka Roadhouse, Alaska",earthquake,,0.3,,,automatic,ak,ak
2021-10-11T05:45:36.250Z,44.2826667,-115.0805,5.99,2.74,ml,15,78,0.866,0.25,mb,mb80526719,2021-10-11T15:38:36.020Z,"southern Idaho",earthquake,1.06,2.11,0.187,19,reviewed,mb,mb
2021-10-11T05:43:36.018Z,60.5645,-142.762,8.4,2.1,ml,,,,0.83,ak,ak021d1rv0ue,2021-10-11T05:56:37.921Z,"97 km S of McCarthy, Alaska",earthquake,,0.2,,,automatic,ak,ak
2021-10-11T05:19:58.590Z,35.6836667,-117.4685,6.88,0.59,ml,14,107,0.09709,0.1,ci,ci40067568,2021-10-11T19:58:30.004Z,"11km SSW of Searles Valley, CA",earthquake,0.33,0.83,0.092,7,reviewed,ci,ci
2021-10-11T05:13:45.167Z,61.5246,-151.8145,15.1,1.2,ml,,,,0.52,ak,ak021d1rom2c,2021-10-11T05:16:42.791Z,"56 km SSW of Skwentna, Alaska",earthquake,,0.6,,,automatic,ak,ak
2021-10-11T05:13:07.990Z,35.6658333,-117.4645,10.13,0.52,ml,11,113,0.07918,0.11,ci,ci40067560,2021-10-11T19:55:12.756Z,"12km SSW of Searles Valley, CA",earthquake,0.39,0.8,0.031,5,reviewed,ci,ci
2021-10-11T05:09:44.880Z,18.8688335418701,-155.514663696289,32.3199996948242,2.1500001,md,30,268,,0.140000001,hv,hv72749417,2021-10-11T05:13:00.970Z,"23 km SSE of Naalehu, Hawaii",earthquake,1.11,0.899999976,0.360000014,5,automatic,hv,hv
2021-10-11T05:07:02.491Z,61.3746,-149.9821,34.1,1.2,ml,,,,0.65,ak,ak021d1rn8h3,2021-10-11T05:15:02.483Z,"1 km N of Point MacKenzie, Alaska",earthquake,,0.2,,,automatic,ak,ak
2021-10-11T05:03:13.979Z,60.1626,-153.5116,160.7,2.1,ml,,,,0.6,ak,ak021d1rmeb0,2021-10-11T05:15:02.341Z,"44 km E of Port Alsworth, Alaska",earthquake,,0.6,,,automatic,ak,ak
2021-10-11T04:55:31.648Z,63.1049,-150.0994,79,1.4,ml,,,,0.77,ak,ak021d1rc5ho,2021-10-11T04:59:09.359Z,"65 km WSW of Cantwell, Alaska",earthquake,,1,,,automatic,ak,ak
2021-10-11T04:52:33.877Z,38.691,-118.7754,9.9,1.3,ml,22,90.05,0.364,0.1355,nn,nn00825392,2021-10-11T18:13:19.936Z,"5 km NNW of Walker Lake, Nevada",earthquake,,3.2,0.18,8,reviewed,nn,nn
2021-10-11T04:43:57.870Z,18.8103332519531,-155.499664306641,16.5300006866455,2.9,ml,47,285,,0.180000007,hv,hv72749392,2021-10-11T04:49:28.790Z,"29 km SSE of Naalehu, Hawaii",earthquake,0.83,13.9499998,3.79,10,automatic,hv,hv
2021-10-11T04:42:21.970Z,35.6863333,-117.5243333,6.97,1,ml,15,154,0.1117,0.17,ci,ci40067552,2021-10-11T13:16:30.612Z,"14km SW of Searles Valley, CA",earthquake,0.5,1.01,0.134,12,reviewed,ci,ci
2021-10-11T04:40:53.460Z,34.4505,-116.4693333,0.87,1.11,ml,11,141,0.1453,0.2,ci,ci40067544,2021-10-11T13:16:32.644Z,"38km N of Yucca Valley, CA",earthquake,0.44,0.62,0.114,22,reviewed,ci,ci
2021-10-11T04:39:33.970Z,19.1450004577637,-155.44450378418,31.6100006103516,2.42000008,md,33,177,,0.150000006,hv,hv72749387,2021-10-11T04:43:37.400Z,"7 km SSE of Pāhala, Hawaii",earthquake,0.74,0.970000029,2.42000008,4,automatic,hv,hv
2021-10-11T04:35:28.847Z,38.1544,-118.0867,3.1,0.8,ml,14,154.57,0.028,0.1084,nn,nn00825391,2021-10-11T18:00:28.534Z,"26 km S of Mina, Nevada",earthquake,,1,0.58,7,reviewed,nn,nn
2021-10-11T04:22:39.466Z,37.0109,-117.7214,2.4,1.6,ml,21,69.42,0.23,0.1769,nn,nn00825387,2021-10-11T17:50:52.386Z,"48 km ENE of Independence, California",earthquake,,1.8,1.03,10,reviewed,nn,nn
2021-10-11T04:15:19.940Z,19.1805000305176,-155.423004150391,32.0400009155273,2.1400001,md,37,180,,0.100000001,hv,hv72749367,2021-10-11T04:18:26.960Z,"6 km ESE of Pāhala, Hawaii",earthquake,0.54,0.620000005,0.910000026,12,automatic,hv,hv
2021-10-11T04:15:01.210Z,33.7108333,-115.9586667,1.96,0.83,ml,16,120,0.07952,0.12,ci,ci40067536,2021-10-11T19:49:54.568Z,"18km ENE of Thermal, CA",earthquake,0.24,0.37,0.114,11,reviewed,ci,ci
2021-10-11T04:09:41.440Z,36.6513329,-121.2945023,5.04,1.45,md,12,84,0.04352,0.18,nc,nc73638190,2021-10-11T06:20:12.259Z,"16km S of Tres Pinos, CA",earthquake,0.59,1.33,0.26,9,automatic,nc,nc
2021-10-11T04:08:37.110Z,33.5783333,-116.803,6.73,0.64,ml,25,44,0.0359,0.11,ci,ci40067528,2021-10-11T19:43:50.481Z,"12km WNW of Anza, CA",earthquake,0.16,0.41,0.096,8,reviewed,ci,ci
2021-10-11T03:55:25.160Z,19.199333190918,-155.378997802734,31.6499996185303,2.13000011,md,42,172,,0.129999995,hv,hv72749347,2021-10-11T03:58:36.970Z,"10 km E of Pāhala, Hawaii",earthquake,0.59,0.720000029,1.57000005,18,automatic,hv,hv
2021-10-11T03:53:41.602Z,29.36737061,-97.37971048,2.518839518,2.6,ml,16,102,0.1091389343,0.3,tx,tx2021txjd,2021-10-11T20:05:37.051Z,"16 km SSE of Gonzales, Texas",earthquake,1.987882942,2.100030119,0.1,9,reviewed,tx,tx
2021-10-11T03:49:45.190Z,38.8256683,-122.8105011,1.05,1.02,md,22,38,0.002294,0.06,nc,nc73638185,2021-10-11T04:21:12.238Z,"7km NW of The Geysers, CA",earthquake,0.2,0.44,0.13,3,automatic,nc,nc
2021-10-11T03:33:48.862Z,37.3042,-117.5875,5.9,0,ml,17,128.68,0.085,0.1791,nn,nn00825386,2021-10-11T17:35:05.298Z,"50 km S of Silver Peak, Nevada",earthquake,,1.4,1.29,4,reviewed,nn,nn
2021-10-11T03:30:23.830Z,34.3133333,-116.0718333,2.12,0.87,ml,16,128,0.09042,0.13,ci,ci40067520,2021-10-11T17:43:41.355Z,"20km N of Twentynine Palms, CA",earthquake,0.21,0.41,0.142,8,reviewed,ci,ci
2021-10-11T03:23:02.029Z,64.5358,-149.2995,13.4,1.1,ml,,,,0.62,ak,ak021d1qjsol,2021-10-11T03:27:19.753Z,"10 km WSW of Nenana, Alaska",earthquake,,0.4,,,automatic,ak,ak
2021-10-11T03:18:40.060Z,18.8285007476807,-155.501495361328,15.9700002670288,2.17000008,md,45,281,,0.159999996,hv,hv72749287,2021-10-11T03:50:09.040Z,"27 km SSE of Naalehu, Hawaii",earthquake,1.57,14.6499996,1.21000004,9,automatic,hv,hv
2021-10-11T03:18:32.174Z,31.62046853,-104.2938092,6.774267578,2,ml,25,60,0.1540297004,0.2,tx,tx2021txhx,2021-10-11T21:09:32.712Z,"58 km NW of Toyah, Texas",earthquake,1.092094664,1.689591757,0.1,12,reviewed,tx,tx
2021-10-11T03:09:54.588Z,-9.0314,122.3758,97.91,4.9,mb,,40,0.416,0.79,us,us6000ftlq,2021-10-11T03:28:53.040Z,"48 km SSE of Maumere, Indonesia",earthquake,5.4,4.9,0.083,45,reviewed,us,us
2021-10-11T03:03:25.410Z,19.1875,-155.48649597168,35.1699981689453,2.3900001,md,41,75,,0.129999995,hv,hv72749272,2021-10-11T03:06:45.520Z,"1 km SSW of Pāhala, Hawaii",earthquake,0.52,0.779999971,1.96000004,18,automatic,hv,hv
2021-10-11T02:52:31.410Z,39.5079994,-122.9681702,1.42,2.16,md,14,136,0.1755,0.13,nc,nc73638180,2021-10-11T04:56:11.750Z,"11km N of Lake Pillsbury, CA",earthquake,0.53,3.83,0.19,10,automatic,nc,nc
2021-10-11T02:43:43.130Z,35.6595,-117.4893333,8.09,0.81,ml,19,102,0.07612,0.16,ci,ci40067512,2021-10-11T19:20:55.257Z,"14km SSW of Searles Valley, CA",earthquake,0.35,0.8,0.112,10,reviewed,ci,ci
2021-10-11T02:38:15.690Z,44.8336667,-110.4568333,5.51,0.76,md,14,92,0.1224,0.11,uu,uu60462562,2021-10-11T17:21:11.960Z,"25 km SE of Mammoth, Wyoming",earthquake,0.44,4.41,0.185,8,reviewed,uu,uu
2021-10-11T02:31:14.710Z,34.511,-118.8001667,14.79,1.17,ml,12,111,0.1211,0.18,ci,ci40067504,2021-10-11T19:03:56.631Z,"11km N of Piru, CA",earthquake,0.62,1.38,0.219,12,reviewed,ci,ci
2021-10-11T02:25:12.990Z,48.4876666666667,-123.237333333333,20.05,0.94,ml,15,80,0.09478,0.1,uw,uw61779967,2021-10-11T04:19:00.160Z,"6 km NE of Oak Bay, Canada",earthquake,0.34,0.59,0.0598666802850581,5,reviewed,uw,uw
2021-10-11T02:23:18.390Z,19.2588329315186,-155.387329101562,33.5999984741211,2.28999996,md,34,150,,0.140000001,hv,hv72749222,2021-10-11T02:26:34.370Z,"11 km ENE of Pāhala, Hawaii",earthquake,0.65,0.959999979,1.05999994,20,automatic,hv,hv
2021-10-11T02:16:27.900Z,33.7196667,-116.7611667,15.91,0.72,ml,15,128,0.04008,0.1,ci,ci40067496,2021-10-11T17:21:33.390Z,"4km WSW of Idyllwild, CA",earthquake,0.31,0.4,0.146,4,reviewed,ci,ci
2021-10-11T02:15:24.880Z,38.8390007,-122.8395004,1.47,0.37,md,7,231,0.003161,0.01,nc,nc73638175,2021-10-11T02:26:10.543Z,"10km NW of The Geysers, CA",earthquake,1.16,1.22,,1,automatic,nc,nc
2021-10-11T02:14:50.806Z,-22.3845,-67.4727,194.91,4.6,mb,,78,0.862,0.86,us,us6000ftll,2021-10-11T02:32:18.040Z,"94 km NE of San Pedro de Atacama, Chile",earthquake,9.3,11.7,0.182,9,reviewed,us,us
2021-10-11T02:09:44.140Z,38.1773333,-112.5058333,10.81,1.47,ml,9,131,0.1452,0.07,uu,uu60462557,2021-10-11T17:10:14.800Z,"16 km SE of Beaver, Utah",earthquake,0.73,0.81,0.098,3,reviewed,uu,uu
2021-10-11T02:05:27.730Z,37.577,-118.861,5.22,0.86,md,17,138,0.02848,0.05,nc,nc73638170,2021-10-11T03:30:10.948Z,"12km ESE of Mammoth Lakes, CA",earthquake,0.43,0.67,0.179,14,reviewed,nc,nc
2021-10-11T02:02:37.160Z,33.9296667,-117.8023333,11.49,1,ml,33,75,0.001812,0.17,ci,ci40067488,2021-10-11T18:58:34.790Z,"5km NNE of Yorba Linda, CA",earthquake,0.27,0.32,0.176,17,reviewed,ci,ci
2021-10-11T02:01:17.960Z,35.8648333,-117.6678333,5.98,1.76,ml,32,48,0.07526,0.12,ci,ci40067480,2021-10-11T18:49:30.200Z,"23km ESE of Little Lake, CA",earthquake,0.14,0.43,0.174,25,reviewed,ci,ci
2021-10-11T02:00:05.930Z,36.6483345,-121.2953339,4.96,1.56,md,11,83,0.0405,0.15,nc,nc73638155,2021-10-11T04:14:11.195Z,"16km S of Tres Pinos, CA",earthquake,0.6,1.26,0.17,7,automatic,nc,nc
2021-10-11T01:56:32.810Z,38.5295,-119.4066667,1.36,1.84,md,14,104,0.03528,0.07,nc,nc73638150,2021-10-11T20:11:14.744Z,"29km S of Smith Valley, NV",earthquake,0.31,0.71,0.23,16,reviewed,nc,nc
2021-10-11T01:49:59.980Z,35.216,-118.2131667,-0.01,0.94,ml,12,70,0.1731,0.21,ci,ci40067472,2021-10-11T18:40:26.028Z,"18km N of Mojave, CA",earthquake,0.39,0.82,0.117,13,reviewed,ci,ci
2021-10-11T01:48:29.200Z,18.8763333333333,-155.515333333333,34.66,2.6,ml,50,262,,0.11,hv,hv72749192,2021-10-11T03:54:24.790Z,"22 km SSE of Naalehu, Hawaii",earthquake,0.62,0.92,0.159737461636056,14,reviewed,hv,hv
2021-10-11T01:38:47.810Z,38.8311653,-122.8151703,1.59,1.16,md,20,49,0.008721,0.02,nc,nc73638145,2021-10-11T03:16:10.865Z,"8km NW of The Geysers, CA",earthquake,0.2,0.52,0.34,2,automatic,nc,nc
2021-10-11T01:38:17.110Z,38.8146667,-122.8098297,1.99,0.99,md,21,45,0.008718,0.03,nc,nc73638140,2021-10-11T02:02:11.802Z,"6km NW of The Geysers, CA",earthquake,0.21,0.48,0.24,2,automatic,nc,nc
2021-10-11T01:33:46.490Z,38.8321648,-122.8156662,1.3,0.85,md,11,74,0.009786,0.01,nc,nc73638135,2021-10-11T02:47:15.007Z,"8km NW of The Geysers, CA",earthquake,0.31,0.72,,1,automatic,nc,nc
2021-10-11T01:29:15.740Z,19.174165725708,-155.484832763672,31.4400005340576,2.66,ml,46,85,,0.119999997,hv,hv72749157,2021-10-11T02:26:17.801Z,"3 km SSW of Pāhala, Hawaii",earthquake,0.46,0.670000017,3.87,26,automatic,hv,hv
2021-10-11T01:26:57.600Z,37.0486667,-112.853,7.81,1.7,ml,6,148,0.04049,0.06,uu,uu60462552,2021-10-11T17:06:06.020Z,"11 km ENE of Hildale, Utah",earthquake,0.7,0.88,0.056,2,reviewed,uu,uu
2021-10-11T01:22:36.490Z,18.8816661834717,-155.525497436523,37.189998626709,2.08999991,md,32,279,,0.129999995,hv,hv72749147,2021-10-11T01:25:54.760Z,"21 km SSE of Naalehu, Hawaii",earthquake,0.91,0.899999976,2.05999994,6,automatic,hv,hv
2021-10-11T01:20:42.980Z,34.4663333,-118.0043333,8.58,0.58,ml,11,75,0.04399,0.1,ci,ci40067464,2021-10-11T18:37:21.993Z,"6km SSW of Littlerock, CA",earthquake,0.26,0.46,0.133,9,reviewed,ci,ci
2021-10-11T01:20:36.050Z,18.8824996948242,-155.51416015625,35.9599990844727,2.42000008,md,34,263,,0.159999996,hv,hv72749142,2021-10-11T02:26:29.517Z,"21 km SSE of Naalehu, Hawaii",earthquake,0.71,1.25,0.0299999993,5,automatic,hv,hv
2021-10-11T01:01:59.250Z,35.225,-118.2061667,2.63,1.2,ml,22,85,0.1714,0.14,ci,ci40067456,2021-10-11T18:29:20.540Z,"19km N of Mojave, CA",earthquake,0.19,0.92,0.13,19,reviewed,ci,ci
2021-10-11T01:01:35.970Z,18.8453333333333,-155.516333333333,35.87,2.5,ml,39,274,,0.11,hv,hv72749127,2021-10-11T01:49:17.040Z,"25 km SSE of Naalehu, Hawaii",earthquake,0.64,0.81,0.0827247631480628,5,reviewed,hv,hv
2021-10-11T00:50:25.528Z,39.3448,-117.6442,2.4,1,ml,8,167.61,0.369,0.1267,nn,nn00825444,2021-10-11T21:48:47.092Z,"51 km WNW of Kingston, Nevada",earthquake,,8.7,0.04,2,reviewed,nn,nn
2021-10-11T00:48:53.950Z,35.7486667,-117.575,6.98,1.35,ml,25,84,0.06939,0.15,ci,ci40067448,2021-10-11T18:10:12.780Z,"16km W of Searles Valley, CA",earthquake,0.24,0.58,0.106,17,reviewed,ci,ci
2021-10-11T00:44:23.364Z,62.1497,-152.1369,102.4,1.5,ml,,,,0.49,ak,ak021d1ow1k0,2021-10-11T01:28:47.025Z,"42 km WNW of Skwentna, Alaska",earthquake,,0.8,,,automatic,ak,ak
2021-10-11T00:43:03.710Z,18.8745,-155.521833333333,34.36,2.1,ml,32,267,,0.12,hv,hv72749107,2021-10-11T01:16:31.040Z,"22 km SSE of Naalehu, Hawaii",earthquake,0.87,0.9,0.203560368104556,3,reviewed,hv,hv
2021-10-11T00:42:58.190Z,35.774,-117.5786667,7.58,0.72,ml,16,145,0.04438,0.11,ci,ci40067432,2021-10-11T17:51:00.663Z,"16km W of Searles Valley, CA",earthquake,0.26,0.51,0.126,9,reviewed,ci,ci
2021-10-11T00:39:27.740Z,18.8605,-155.525833333333,36.07,2.01,md,28,278,,0.12,hv,hv72749102,2021-10-11T01:29:29.460Z,"23 km SSE of Naalehu, Hawaii",earthquake,0.7,0.96,0.13779754648238,13,reviewed,hv,hv
2021-10-11T00:21:27.224Z,60.0183,-140.0699,9.8,1.6,ml,,,,0.5,ak,ak021d1or4du,2021-10-11T00:44:11.918Z,"55 km NNW of Yakutat, Alaska",earthquake,,0.2,,,automatic,ak,ak
2021-10-11T00:16:10.014Z,58.1154,-154.6722,8.5,2.8,ml,,,,0.79,ak,ak021d1oq0g0,2021-10-11T00:29:23.040Z,"62 km NNW of Karluk, Alaska",earthquake,,0.3,,,automatic,ak,ak
2021-10-11T00:10:26.600Z,19.1656665802002,-155.499496459961,36.939998626709,2.21,ml,48,106,,0.119999997,hv,hv72749062,2021-10-11T00:25:00.040Z,"4 km SSW of Pāhala, Hawaii",earthquake,0.53,0.670000017,4.31,7,automatic,hv,hv
2021-10-11T00:03:48.630Z,35.783,-117.5983333,7.03,1.51,ml,27,126,0.03268,0.1,ci,ci40067424,2021-10-11T17:46:44.772Z,"18km W of Searles Valley, CA",earthquake,0.17,0.26,0.173,20,reviewed,ci,ci
2021-10-11T00:00:16.060Z,37.0071667,-121.2296667,5.55,1.41,md,32,76,0.0459,0.13,nc,nc73638130,2021-10-11T19:40:11.559Z,"23km NE of Hollister, CA",earthquake,0.22,0.48,0.26,27,reviewed,nc,nc
2021-10-10T23:57:22.870Z,63.0185,-150.5553,96.3,1.7,ml,,,,0.25,ak,ak021d0f4g8v,2021-10-11T00:19:28.677Z,"59 km N of Petersville, Alaska",earthquake,,1.1,,,automatic,ak,ak
2021-10-10T23:51:33.390Z,37.5378333,-118.8936667,0.07,0.74,md,17,191,0.07312,0.03,nc,nc73638125,2021-10-11T00:57:12.414Z,"13km SE of Mammoth Lakes, CA",earthquake,0.36,31.61,0.219,16,reviewed,nc,nc
2021-10-10T23:51:25.833Z,58.0173,-154.5642,35.7,1.2,ml,,,,0.28,ak,ak021d0f366f,2021-10-10T23:55:05.693Z,"50 km N of Karluk, Alaska",earthquake,,1,,,automatic,ak,ak
2021-10-10T23:45:35.880Z,18.8873333333333,-155.515,35.45,2.41,ml,41,260,,0.12,hv,hv72749002,2021-10-11T15:45:36.460Z,"21 km SSE of Naalehu, Hawaii",earthquake,0.68,0.94,0.0769113429534483,7,reviewed,hv,hv
2021-10-10T23:39:21.214Z,38.1741,-117.9777,1.4,1.1,ml,12,98.64,0.026,0.344,nn,nn00825379,2021-10-10T23:42:31.577Z,"26 km SSE of Mina, Nevada",earthquake,,0.4,0.13,7,automatic,nn,nn
2021-10-10T23:30:08.660Z,36.0483333,-117.7076667,1.7,1.81,ml,32,64,0.05207,0.15,ci,ci40067408,2021-10-11T17:39:59.270Z,"22km E of Coso Junction, CA",earthquake,0.16,0.23,0.162,23,reviewed,ci,ci
2021-10-10T23:29:46.190Z,35.0418333,-117.6701667,0.26,1.28,ml,13,186,0.1093,0.09,ci,ci40067400,2021-10-11T19:13:55.097Z,"5km NNW of Boron, CA",quarry blast,0.52,31.61,0.105,12,reviewed,ci,ci
2021-10-10T23:24:53.870Z,18.8646659851074,-155.511505126953,33.6699981689453,2.36,ml,47,265,,0.119999997,hv,hv72748957,2021-10-11T02:25:34.874Z,"23 km SSE of Naalehu, Hawaii",earthquake,0.67,1.25999999,0.55,3,automatic,hv,hv
2021-10-10T23:23:46.433Z,63.5078,-148.9998,3.3,1.7,ml,,,,1.02,ak,ak021d0ex7ps,2021-10-10T23:28:22.692Z,"13 km N of Cantwell, Alaska",earthquake,,0.3,,,automatic,ak,ak
2021-10-10T23:21:45.259Z,-23.1263,-66.7805,223.89,4.4,mb,,44,1.299,0.91,us,us6000ftkq,2021-10-10T23:35:11.040Z,"113 km W of El Aguilar, Argentina",earthquake,5.6,9.8,0.103,27,reviewed,us,us
2021-10-10T23:19:50.070Z,38.5131667,-119.5113333,6.55,1.46,md,15,65,0.0132,0.09,nc,nc73638115,2021-10-11T05:53:15.103Z,"32km SE of Markleeville, CA",earthquake,0.29,0.32,0.357,14,reviewed,nc,nc
2021-10-10T23:06:08.140Z,19.2058334350586,-155.438995361328,32.9700012207031,2.49,ml,51,130,,0.119999997,hv,hv72748932,2021-10-10T23:18:25.040Z,"4 km E of Pāhala, Hawaii",earthquake,0.52,0.720000029,3.22,8,automatic,hv,hv
2021-10-10T22:59:41.990Z,19.1814994812012,-155.467330932617,33.3600006103516,2.42,ml,47,149,,0.119999997,hv,hv72748922,2021-10-11T01:33:05.823Z,"2 km SSE of Pāhala, Hawaii",earthquake,0.48,0.689999998,3.39,17,automatic,hv,hv
2021-10-10T22:57:25.920Z,38.8333321,-122.8051682,2.13,0.97,md,18,50,0.01064,0.01,nc,nc73638105,2021-10-10T23:14:11.343Z,"7km W of Cobb, CA",earthquake,0.29,0.5,0.11,3,automatic,nc,nc
2021-10-10T22:55:28.710Z,18.8688333333333,-155.515833333333,35.52,2.87,ml,50,265,,0.13,hv,hv72748917,2021-10-11T02:27:12.890Z,"23 km SSE of Naalehu, Hawaii",earthquake,0.48,0.88,0.157633131401052,19,reviewed,hv,hv
2021-10-10T22:52:42.150Z,61.6724,-148.1633,23.1,1,ml,,,,0.27,ak,ak021d0ehzjr,2021-10-10T22:55:28.830Z,"21 km SE of Chickaloon, Alaska",earthquake,,0.8,,,automatic,ak,ak
2021-10-10T22:50:04.610Z,18.8691666666667,-155.522333333333,35.83,2.23,md,32,267,,0.1,hv,hv72748892,2021-10-11T01:55:44.880Z,"22 km SSE of Naalehu, Hawaii",earthquake,0.93,0.98,0.182076541760902,17,reviewed,hv,hv
2021-10-10T22:45:47.790Z,18.8806666666667,-155.512666666667,34.96,3.25,ml,54,260,,0.12,hv,hv72748887,2021-10-11T02:25:03.246Z,"21 km SSE of Naalehu, Hawaii",earthquake,0.43,0.73,0.175772202660816,35,reviewed,hv,hv
2021-10-10T22:45:00.700Z,18.864,-155.514333333333,31.97,2.42,ml,26,276,,0.13,hv,hv72748882,2021-10-11T01:23:52.880Z,"23 km SSE of Naalehu, Hawaii",earthquake,0.79,1.11,0.130148657123504,4,reviewed,hv,hv
2021-10-10T22:42:19.590Z,18.871000289917,-155.516998291016,33.3499984741211,2.42000008,md,33,268,,0.140000001,hv,hv72748877,2021-10-10T22:45:45.850Z,"22 km SSE of Naalehu, Hawaii",earthquake,0.68,0.889999986,0.0599999987,5,automatic,hv,hv
2021-10-10T22:42:06.420Z,35.7078333,-117.4901667,12.79,0.91,ml,11,147,0.1232,0.18,ci,ci40067368,2021-10-11T13:18:29.921Z,"10km SW of Searles Valley, CA",earthquake,0.68,1.29,0.31,11,reviewed,ci,ci
2021-10-10T22:29:31.540Z,33.6968333,-116.709,15.72,0.71,ml,27,54,0.01493,0.22,ci,ci40067360,2021-10-11T13:19:36.560Z,"5km S of Idyllwild, CA",earthquake,0.36,0.65,0.233,19,reviewed,ci,ci
2021-10-10T22:23:15.030Z,18.8818333333333,-155.513166666667,35.68,2.88,ml,52,260,,0.13,hv,hv72748842,2021-10-11T02:27:26.818Z,"21 km SSE of Naalehu, Hawaii",earthquake,0.52,0.78,0.150123443617479,18,reviewed,hv,hv
2021-10-10T22:23:11.790Z,18.9995002746582,-155.52099609375,25.1599998474121,2.59,ml,27,213,,0.209999993,hv,hv72748837,2021-10-10T22:28:43.650Z,"9 km SE of Naalehu, Hawaii",earthquake,1.07,1.35000002,4.71,6,automatic,hv,hv
2021-10-10T22:21:17.870Z,18.8451666666667,-155.517333333333,35,2.55,ml,43,273,,0.13,hv,hv72748832,2021-10-10T22:51:33.700Z,"25 km SSE of Naalehu, Hawaii",earthquake,0.5,0.89,0.120111698802095,7,reviewed,hv,hv
2021-10-10T22:12:45.540Z,18.8786666666667,-155.5195,34.96,2.92,ml,45,262,,0.13,hv,hv72748822,2021-10-11T02:27:38.653Z,"21 km SSE of Naalehu, Hawaii",earthquake,0.49,0.75,0.178003940944442,11,reviewed,hv,hv
